gameid,url,price,currency,enabled,show_from
299636,https://jandjgamingfactory.com/products/jewel-heist-mattel-games-strategy-game-table-top-game?utm_source=boardgamegeek&utm_medium=referral&utm_campaign=buy_a_copy,10.68,USD,1,1
155464,https://jandjgamingfactory.com/products/the-walking-dead-dont-look-back-dice-game?utm_source=boardgamegeek&utm_medium=referral&utm_campaign=buy_a_copy,11.4,USD,1,1
285605,https://jandjgamingfactory.com/products/unicorns-and-urinals?utm_source=boardgamegeek&utm_medium=referral&utm_campaign=buy_a_copy,9.49,USD,1,1
289018,https://jandjgamingfactory.com/products/on-a-scale-of-one-to-t-rex?utm_source=boardgamegeek&utm_medium=referral&utm_campaign=buy_a_copy,15.19,USD,0,1
30662,https://jandjgamingfactory.com/products/carcassonne-travel-edition?utm_source=boardgamegeek&utm_medium=referral&utm_campaign=buy_a_copy,22.76,USD,0,1
367396,https://jandjgamingfactory.com/products/avalon-big-box?utm_source=boardgamegeek&utm_medium=referral&utm_campaign=buy_a_copy,40.94,USD,0,1
325829,https://jandjgamingfactory.com/products/steven-rhodes-lets-summon-demons?utm_source=boardgamegeek&utm_medium=referral&utm_campaign=buy_a_copy,15.46,USD,0,1
339031,https://jandjgamingfactory.com/products/the-goonies-never-say-die-board-game?utm_source=boardgamegeek&utm_medium=referral&utm_campaign=buy_a_copy,21.37,USD,0,1
281549,https://jandjgamingfactory.com/products/beast?utm_source=boardgamegeek&utm_medium=referral&utm_campaign=buy_a_copy,49.39,USD,0,1
329227,https://jandjgamingfactory.com/products/betta?utm_source=boardgamegeek&utm_medium=referral&utm_campaign=buy_a_copy,18.99,USD,1,1
354669,https://jandjgamingfactory.com/products/break-the-code?utm_source=boardgamegeek&utm_medium=referral&utm_campaign=buy_a_copy,14.43,USD,0,1
227466,https://jandjgamingfactory.com/products/break-the-cube?utm_source=boardgamegeek&utm_medium=referral&utm_campaign=buy_a_copy,14.43,USD,0,1
240776,https://jandjgamingfactory.com/products/ruins-of-mars?utm_source=boardgamegeek&utm_medium=referral&utm_campaign=buy_a_copy,26.59,USD,0,1
363369,https://jandjgamingfactory.com/products/starship-captains?utm_source=boardgamegeek&utm_medium=referral&utm_campaign=buy_a_copy,45.56,USD,0,1
224937,https://jandjgamingfactory.com/products/status-report?utm_source=boardgamegeek&utm_medium=referral&utm_campaign=buy_a_copy,22.8,USD,1,1
264220,https://jandjgamingfactory.com/products/tainted-grail?utm_source=boardgamegeek&utm_medium=referral&utm_campaign=buy_a_copy,98.04,USD,0,1
279198,https://jandjgamingfactory.com/products/tungaru?utm_source=boardgamegeek&utm_medium=referral&utm_campaign=buy_a_copy,34.96,USD,1,1
351038,https://jandjgamingfactory.com/products/yak?utm_source=boardgamegeek&utm_medium=referral&utm_campaign=buy_a_copy,37.99,USD,1,1
292375,https://jandjgamingfactory.com/products/the-great-wall?utm_source=boardgamegeek&utm_medium=referral&utm_campaign=buy_a_copy,113.24,USD,0,1
318546,https://jandjgamingfactory.com/products/coraquest?utm_source=boardgamegeek&utm_medium=referral&utm_campaign=buy_a_copy,30.4,USD,0,1
343980,https://jandjgamingfactory.com/products/shadowgate?utm_source=boardgamegeek&utm_medium=referral&utm_campaign=buy_a_copy,45.56,USD,1,1
170771,https://jandjgamingfactory.com/products/sword-sorcery-immortal-souls?utm_source=boardgamegeek&utm_medium=referral&utm_campaign=buy_a_copy,68.32,USD,1,1
297978,https://jandjgamingfactory.com/products/mariposas?utm_source=boardgamegeek&utm_medium=referral&utm_campaign=buy_a_copy,37.99,USD,0,1
367379,https://jandjgamingfactory.com/products/deal-with-the-devil?utm_source=boardgamegeek&utm_medium=referral&utm_campaign=buy_a_copy,47.5,USD,1,1
359133,https://jandjgamingfactory.com/products/little-town-artisans?utm_source=boardgamegeek&utm_medium=referral&utm_campaign=buy_a_copy,22.79,USD,0,1
241266,https://jandjgamingfactory.com/products/little-town?utm_source=boardgamegeek&utm_medium=referral&utm_campaign=buy_a_copy,22.79,USD,1,1
300527,https://jandjgamingfactory.com/products/dexterity-jane?utm_source=boardgamegeek&utm_medium=referral&utm_campaign=buy_a_copy,7.59,USD,1,1
267979,https://jandjgamingfactory.com/products/tiwanaku?utm_source=boardgamegeek&utm_medium=referral&utm_campaign=buy_a_copy,31.15,USD,1,1
306882,https://jandjgamingfactory.com/products/railroad-ink-challenge-shining-yellow-with-5-expansion-bundle?utm_source=boardgamegeek&utm_medium=referral&utm_campaign=buy_a_copy,17.47,USD,1,1
310100,https://jandjgamingfactory.com/products/nemesis-lockdown?utm_source=boardgamegeek&utm_medium=referral&utm_campaign=buy_a_copy,144.39,USD,1,1
282853,https://jandjgamingfactory.com/products/catan-starfarers-2nd-edition?utm_source=boardgamegeek&utm_medium=referral&utm_campaign=buy_a_copy,75.24,USD,0,1
105593,https://jandjgamingfactory.com/products/cheating-moth?utm_source=boardgamegeek&utm_medium=referral&utm_campaign=buy_a_copy,15.19,USD,0,1
27225,https://jandjgamingfactory.com/products/bananagrams-oceanic?utm_source=boardgamegeek&utm_medium=referral&utm_campaign=buy_a_copy,15.19,USD,0,1
311686,https://jandjgamingfactory.com/products/escape-the-room-cursed-dollhouse?utm_source=boardgamegeek&utm_medium=referral&utm_campaign=buy_a_copy,30.39,USD,1,1
175324,https://jandjgamingfactory.com/products/fog-of-love?utm_source=boardgamegeek&utm_medium=referral&utm_campaign=buy_a_copy,38,USD,0,1
2655,https://jandjgamingfactory.com/products/hive?utm_source=boardgamegeek&utm_medium=referral&utm_campaign=buy_a_copy,30.36,USD,0,1
239621,https://jandjgamingfactory.com/products/human-era?utm_source=boardgamegeek&utm_medium=referral&utm_campaign=buy_a_copy,19,USD,1,1
273477,https://jandjgamingfactory.com/products/obscurio?utm_source=boardgamegeek&utm_medium=referral&utm_campaign=buy_a_copy,42.55,USD,1,1
241066,https://jandjgamingfactory.com/products/papillon?utm_source=boardgamegeek&utm_medium=referral&utm_campaign=buy_a_copy,38,USD,0,1
320730,https://jandjgamingfactory.com/products/railroad-ink-eldritch-exp-pack?utm_source=boardgamegeek&utm_medium=referral&utm_campaign=buy_a_copy,9.87,USD,1,1
320731,https://jandjgamingfactory.com/products/railroad-ink-arcade-expansion-pack?utm_source=boardgamegeek&utm_medium=referral&utm_campaign=buy_a_copy,9.87,USD,1,1
320737,https://jandjgamingfactory.com/products/railroad-ink-electricity-expansion-pack?utm_source=boardgamegeek&utm_medium=referral&utm_campaign=buy_a_copy,9.87,USD,1,1
320732,https://jandjgamingfactory.com/products/railroad-ink-underground-expansion-pack?utm_source=boardgamegeek&utm_medium=referral&utm_campaign=buy_a_copy,9.87,USD,1,1
320735,https://jandjgamingfactory.com/products/railroad-ink-futuristic-expansion-pack?utm_source=boardgamegeek&utm_medium=referral&utm_campaign=buy_a_copy,9.87,USD,1,1
374562,https://jandjgamingfactory.com/products/star-wars-shatterpoint-core-set?utm_source=boardgamegeek&utm_medium=referral&utm_campaign=buy_a_copy,125.39,USD,0,1
24310,https://jandjgamingfactory.com/products/the-red-dragon-inn?utm_source=boardgamegeek&utm_medium=referral&utm_campaign=buy_a_copy,28.84,USD,0,1
370964,https://jandjgamingfactory.com/products/steven-rhodes-lets-call-the-exorcist?utm_source=boardgamegeek&utm_medium=referral&utm_campaign=buy_a_copy,15.19,USD,0,1
370962,https://jandjgamingfactory.com/products/steven-rhodes-cryptozoology?utm_source=boardgamegeek&utm_medium=referral&utm_campaign=buy_a_copy,15.19,USD,1,1
370963,https://jandjgamingfactory.com/products/steven-rhodes-living-well?utm_source=boardgamegeek&utm_medium=referral&utm_campaign=buy_a_copy,15.19,USD,1,1
263918,https://jandjgamingfactory.com/products/cartographers-a-roll-player-tale?utm_source=boardgamegeek&utm_medium=referral&utm_campaign=buy_a_copy,18.96,USD,1,1
319274,https://jandjgamingfactory.com/products/cartographers-map-3-undercity?utm_source=boardgamegeek&utm_medium=referral&utm_campaign=buy_a_copy,7.56,USD,1,1
319272,https://jandjgamingfactory.com/products/cartographers-map-1-nebblis?utm_source=boardgamegeek&utm_medium=referral&utm_campaign=buy_a_copy,7.56,USD,1,1
367047,https://jandjgamingfactory.com/products/caldera-park?utm_source=boardgamegeek&utm_medium=referral&utm_campaign=buy_a_copy,30.39,USD,0,1
299592,https://jandjgamingfactory.com/products/beez?utm_source=boardgamegeek&utm_medium=referral&utm_campaign=buy_a_copy,30.39,USD,0,1
312767,https://jandjgamingfactory.com/products/lizard-wizard?utm_source=boardgamegeek&utm_medium=referral&utm_campaign=buy_a_copy,37.99,USD,0,1
310632,https://jandjgamingfactory.com/products/dice-miner?utm_source=boardgamegeek&utm_medium=referral&utm_campaign=buy_a_copy,26.56,USD,0,1
251678,https://jandjgamingfactory.com/products/railroad-ink-blazing-red-edition?utm_source=boardgamegeek&utm_medium=referral&utm_campaign=buy_a_copy,17.47,USD,0,1
382016,https://jandjgamingfactory.com/products/sea-of-thieves-voyage-of-legends?utm_source=boardgamegeek&utm_medium=referral&utm_campaign=buy_a_copy,45.56,USD,0,1
366790,https://jandjgamingfactory.com/products/dawn-of-ulos?utm_source=boardgamegeek&utm_medium=referral&utm_campaign=buy_a_copy,53.16,USD,1,1
342942,https://jandjgamingfactory.com/products/ark-nova?utm_source=boardgamegeek&utm_medium=referral&utm_campaign=buy_a_copy,56.96,USD,1,1
30549,https://jandjgamingfactory.com/products/pandemic?utm_source=boardgamegeek&utm_medium=referral&utm_campaign=buy_a_copy,34.19,USD,1,1
255984,https://jandjgamingfactory.com/products/sleeping-gods?utm_source=boardgamegeek&utm_medium=referral&utm_campaign=buy_a_copy,75.99,USD,1,1
382927,https://jandjgamingfactory.com/products/descent-legends-of-the-dark-the-betrayers-war?utm_source=boardgamegeek&utm_medium=referral&utm_campaign=buy_a_copy,121.59,USD,0,1
365717,https://jandjgamingfactory.com/products/clank-catacombs?utm_source=boardgamegeek&utm_medium=referral&utm_campaign=buy_a_copy,45.6,USD,1,1
266507,https://jandjgamingfactory.com/products/clank-legacy-acquisitions-inc?utm_source=boardgamegeek&utm_medium=referral&utm_campaign=buy_a_copy,76,USD,0,1
355433,https://jandjgamingfactory.com/products/boop?utm_source=boardgamegeek&utm_medium=referral&utm_campaign=buy_a_copy,26.59,USD,1,1
383579,https://jandjgamingfactory.com/products/boooop?utm_source=boardgamegeek&utm_medium=referral&utm_campaign=buy_a_copy,26.59,USD,0,1
237182,https://jandjgamingfactory.com/products/root-base-game?utm_source=boardgamegeek&utm_medium=referral&utm_campaign=buy_a_copy,45.6,USD,0,1
201808,https://jandjgamingfactory.com/products/clank?utm_source=boardgamegeek&utm_medium=referral&utm_campaign=buy_a_copy,45.6,USD,1,1
389914,https://jandjgamingfactory.com/products/star-wars-shatterpoint-twice-the-pride?utm_source=boardgamegeek&utm_medium=referral&utm_campaign=buy_a_copy,37.99,USD,1,1
389916,https://jandjgamingfactory.com/products/star-wars-shatterpoint-plans-and-preparation?utm_source=boardgamegeek&utm_medium=referral&utm_campaign=buy_a_copy,37.99,USD,1,1
399978,https://jandjgamingfactory.com/products/star-wars-shatterpoint-witches-of-dathomir?utm_source=boardgamegeek&utm_medium=referral&utm_campaign=buy_a_copy,37.99,USD,0,1
399981,https://jandjgamingfactory.com/products/star-wars-shatterpoint-firstful-of-credits?utm_source=boardgamegeek&utm_medium=referral&utm_campaign=buy_a_copy,37.99,USD,1,1
389917,https://jandjgamingfactory.com/products/star-wars-shatterpoint-jedi-hunters?utm_source=boardgamegeek&utm_medium=referral&utm_campaign=buy_a_copy,37.99,USD,1,1
389913,https://jandjgamingfactory.com/products/star-wars-shatterpoint-hello-there?utm_source=boardgamegeek&utm_medium=referral&utm_campaign=buy_a_copy,37.99,USD,1,1
389915,https://jandjgamingfactory.com/products/star-wars-shatterpoint-appetite-for-destruction?utm_source=boardgamegeek&utm_medium=referral&utm_campaign=buy_a_copy,37.99,USD,0,1
400795,https://jandjgamingfactory.com/products/star-wars-legion-logray-wicket?utm_source=boardgamegeek&utm_medium=referral&utm_campaign=buy_a_copy,22.79,USD,0,1
400794,https://jandjgamingfactory.com/products/star-wars-legion-ewok-warriors?utm_source=boardgamegeek&utm_medium=referral&utm_campaign=buy_a_copy,30.39,USD,0,1
376472,https://jandjgamingfactory.com/products/noobs-in-space?utm_source=boardgamegeek&utm_medium=referral&utm_campaign=buy_a_copy,11.36,USD,1,1
199792,https://jandjgamingfactory.com/products/everdell?utm_source=boardgamegeek&utm_medium=referral&utm_campaign=buy_a_copy,58.02,USD,0,1
353905,https://jandjgamingfactory.com/products/bureau-of-investigation?utm_source=boardgamegeek&utm_medium=referral&utm_campaign=buy_a_copy,34.2,USD,1,1
222145,https://jandjgamingfactory.com/products/lucidity-six-sided-nightmares?utm_source=boardgamegeek&utm_medium=referral&utm_campaign=buy_a_copy,21.57,USD,1,1
325830,https://jandjgamingfactory.com/products/steven-rhodes-dont-talk-to-strangers?utm_source=boardgamegeek&utm_medium=referral&utm_campaign=buy_a_copy,15.19,USD,0,1
325828,https://jandjgamingfactory.com/products/steven-rhodes-lets-dig-for-treasure?utm_source=boardgamegeek&utm_medium=referral&utm_campaign=buy_a_copy,14.37,USD,1,1
295947,https://jandjgamingfactory.com/products/cascadia?utm_source=boardgamegeek&utm_medium=referral&utm_campaign=buy_a_copy,30.39,USD,0,1
346965,https://jandjgamingfactory.com/products/azul-queen-s-garden?utm_source=boardgamegeek&utm_medium=referral&utm_campaign=buy_a_copy,34.19,USD,1,1
230802,https://jandjgamingfactory.com/products/azul?utm_source=boardgamegeek&utm_medium=referral&utm_campaign=buy_a_copy,30.39,USD,0,1
316554,https://jandjgamingfactory.com/products/dune-imperium?utm_source=boardgamegeek&utm_medium=referral&utm_campaign=buy_a_copy,41.8,USD,0,1
361503,https://jandjgamingfactory.com/products/runescape-kingdoms-shadow-of-elvarg-preorder?utm_source=boardgamegeek&utm_medium=referral&utm_campaign=buy_a_copy,60.79,USD,0,1
319971,https://jandjgamingfactory.com/products/monster-hunter-world-ancient-forest-core-game?utm_source=boardgamegeek&utm_medium=referral&utm_campaign=buy_a_copy,91.19,USD,0,1
361195,https://jandjgamingfactory.com/products/monster-hunter-world-wildspire-waste-core-game?utm_source=boardgamegeek&utm_medium=referral&utm_campaign=buy_a_copy,91.19,USD,0,1
415085,https://jandjgamingfactory.com/products/runescape-kingdoms-king-black-dragon?utm_source=boardgamegeek&utm_medium=referral&utm_campaign=buy_a_copy,26.59,USD,1,1
385529,https://jandjgamingfactory.com/products/the-vale-of-eternity?utm_source=boardgamegeek&utm_medium=referral&utm_campaign=buy_a_copy,26.6,USD,1,1
359601,https://jandjgamingfactory.com/products/weirdwood-manor?utm_source=boardgamegeek&utm_medium=referral&utm_campaign=buy_a_copy,64.6,USD,1,1
329128,https://jandjgamingfactory.com/products/the-artemis-odyssey?utm_source=boardgamegeek&utm_medium=referral&utm_campaign=buy_a_copy,45.59,USD,1,1
367476,https://jandjgamingfactory.com/products/inheritors?utm_source=boardgamegeek&utm_medium=referral&utm_campaign=buy_a_copy,15.19,USD,0,1
251726,https://jandjgamingfactory.com/products/confident?utm_source=boardgamegeek&utm_medium=referral&utm_campaign=buy_a_copy,18.99,USD,1,1
314491,https://jandjgamingfactory.com/products/meadow?utm_source=boardgamegeek&utm_medium=referral&utm_campaign=buy_a_copy,41.79,USD,1,1
215066,https://jandjgamingfactory.com/products/gang-rush?utm_source=boardgamegeek&utm_medium=referral&utm_campaign=buy_a_copy,23.74,USD,1,1
329841,https://jandjgamingfactory.com/products/ticket-to-ride-europe-15th-anniversary-edition?utm_source=boardgamegeek&utm_medium=referral&utm_campaign=buy_a_copy,75.96,USD,0,1
331965,https://jandjgamingfactory.com/products/arkham-horror-secrets-of-the-order?utm_source=boardgamegeek&utm_medium=referral&utm_campaign=buy_a_copy,34.19,USD,1,1
299597,https://jandjgamingfactory.com/products/lord-of-the-rings-journeys-of-middle-earth-shadowed-paths-expansion?utm_source=boardgamegeek&utm_medium=referral&utm_campaign=buy_a_copy,33.24,USD,0,1
1294,https://jandjgamingfactory.com/products/clue-signature-collection?utm_source=boardgamegeek&utm_medium=referral&utm_campaign=buy_a_copy,41.79,USD,1,1
291572,https://jandjgamingfactory.com/products/oath-chronicles-of-empire-exile?utm_source=boardgamegeek&utm_medium=referral&utm_campaign=buy_a_copy,91.2,USD,1,1
324963,https://jandjgamingfactory.com/products/pac-man-the-card-game?utm_source=boardgamegeek&utm_medium=referral&utm_campaign=buy_a_copy,7.18,USD,1,1
314040,https://jandjgamingfactory.com/products/pandemic-legacy-season-0?utm_source=boardgamegeek&utm_medium=referral&utm_campaign=buy_a_copy,68.39,USD,1,1
244521,https://jandjgamingfactory.com/products/the-quacks-of-quedlinburg?utm_source=boardgamegeek&utm_medium=referral&utm_campaign=buy_a_copy,42.74,USD,0,1
322168,https://jandjgamingfactory.com/products/castlescape?utm_source=boardgamegeek&utm_medium=referral&utm_campaign=buy_a_copy,41.8,USD,0,1
372105,https://jandjgamingfactory.com/products/roll-player-adventures-gulpaxs-secret-expansion?utm_source=boardgamegeek&utm_medium=referral&utm_campaign=buy_a_copy,49.36,USD,1,1
254708,https://jandjgamingfactory.com/products/roll-player-adventures?utm_source=boardgamegeek&utm_medium=referral&utm_campaign=buy_a_copy,121.56,USD,1,1
227456,https://jandjgamingfactory.com/products/escape-the-dark-castle-core?utm_source=boardgamegeek&utm_medium=referral&utm_campaign=buy_a_copy,30.39,USD,1,1
280748,https://jandjgamingfactory.com/products/escape-the-dark-sector?utm_source=boardgamegeek&utm_medium=referral&utm_campaign=buy_a_copy,34.19,USD,0,1
364655,https://jandjgamingfactory.com/products/kinfire-chronicles-nights-fall?utm_source=boardgamegeek&utm_medium=referral&utm_campaign=buy_a_copy,113.24,USD,0,1
173634,https://jandjgamingfactory.com/products/red-dragon-inn-5-the-character-trove?utm_source=boardgamegeek&utm_medium=referral&utm_campaign=buy_a_copy,43.96,USD,1,1
199561,https://jandjgamingfactory.com/products/sagrada?utm_source=boardgamegeek&utm_medium=referral&utm_campaign=buy_a_copy,34.16,USD,0,1
194594,https://jandjgamingfactory.com/products/dice-forge?utm_source=boardgamegeek&utm_medium=referral&utm_campaign=buy_a_copy,42.55,USD,1,1
253664,https://jandjgamingfactory.com/products/taco-cat-goat-cheese-pizza?utm_source=boardgamegeek&utm_medium=referral&utm_campaign=buy_a_copy,7.6,USD,0,1
221965,https://jandjgamingfactory.com/products/the-fox-in-the-forest?utm_source=boardgamegeek&utm_medium=referral&utm_campaign=buy_a_copy,12.15,USD,0,1
288513,https://jandjgamingfactory.com/products/tranquility?utm_source=boardgamegeek&utm_medium=referral&utm_campaign=buy_a_copy,10.44,USD,0,1
363183,https://jandjgamingfactory.com/products/tokaido-duo?utm_source=boardgamegeek&utm_medium=referral&utm_campaign=buy_a_copy,18.99,USD,0,1
397598,https://jandjgamingfactory.com/products/dune-imperium-uprising-expansion?utm_source=boardgamegeek&utm_medium=referral&utm_campaign=buy_a_copy,45.6,USD,0,1
385318,https://jandjgamingfactory.com/products/cascadia-landmarks?utm_source=boardgamegeek&utm_medium=referral&utm_campaign=buy_a_copy,26.59,USD,1,1
350184,https://jandjgamingfactory.com/products/earth?utm_source=boardgamegeek&utm_medium=referral&utm_campaign=buy_a_copy,37.99,USD,1,1
390094,https://jandjgamingfactory.com/products/ftw?utm_source=boardgamegeek&utm_medium=referral&utm_campaign=buy_a_copy,10.75,USD,0,1
366013,https://jandjgamingfactory.com/products/heat-pedal-to-the-metal?utm_source=boardgamegeek&utm_medium=referral&utm_campaign=buy_a_copy,56.99,USD,1,1
192547,https://jandjgamingfactory.com/products/go-cuckoo?utm_source=boardgamegeek&utm_medium=referral&utm_campaign=buy_a_copy,15.19,USD,1,1
383109,https://jandjgamingfactory.com/products/dragonkeepers?utm_source=boardgamegeek&utm_medium=referral&utm_campaign=buy_a_copy,21.24,USD,1,1
312859,https://jandjgamingfactory.com/products/townsfolk-tussle-used?utm_source=boardgamegeek&utm_medium=referral&utm_campaign=buy_a_copy,237.5,USD,0,1
83330,https://jandjgamingfactory.com/products/mansions-of-madness-1st-edition?utm_source=boardgamegeek&utm_medium=referral&utm_campaign=buy_a_copy,118.75,USD,0,1
356768,https://jandjgamingfactory.com/products/bloc-by-bloc-uprising?utm_source=boardgamegeek&utm_medium=referral&utm_campaign=buy_a_copy,95,USD,0,1
312484,https://jandjgamingfactory.com/products/lost-ruins-of-arnak?utm_source=boardgamegeek&utm_medium=referral&utm_campaign=buy_a_copy,45.56,USD,1,1
263695,https://jandjgamingfactory.com/products/sagrada-passion-expansion?utm_source=boardgamegeek&utm_medium=referral&utm_campaign=buy_a_copy,15.16,USD,1,1
301561,https://jandjgamingfactory.com/products/sagrada-the-great-facades-life?utm_source=boardgamegeek&utm_medium=referral&utm_campaign=buy_a_copy,15.16,USD,1,1
359142,https://jandjgamingfactory.com/products/sagrada-the-great-facades-glory?utm_source=boardgamegeek&utm_medium=referral&utm_campaign=buy_a_copy,15.16,USD,1,1
336986,https://jandjgamingfactory.com/products/flamecraft?utm_source=boardgamegeek&utm_medium=referral&utm_campaign=buy_a_copy,30.39,USD,1,1
162886,https://jandjgamingfactory.com/products/spirit-island?utm_source=boardgamegeek&utm_medium=referral&utm_campaign=buy_a_copy,59.46,USD,0,1
254719,https://jandjgamingfactory.com/products/escape-the-dark-castle-scourge-of-the-undead-queen?utm_source=boardgamegeek&utm_medium=referral&utm_campaign=buy_a_copy,15.19,USD,0,1
254720,https://jandjgamingfactory.com/products/escape-the-dark-castle-blight-of-the-plague-lord?utm_source=boardgamegeek&utm_medium=referral&utm_campaign=buy_a_copy,15.19,USD,1,1
368432,https://jandjgamingfactory.com/products/the-fox-experiment?utm_source=boardgamegeek&utm_medium=referral&utm_campaign=buy_a_copy,45.56,USD,1,1
285905,https://jandjgamingfactory.com/products/marvel-crisis-protocol?utm_source=boardgamegeek&utm_medium=referral&utm_campaign=buy_a_copy,77.32,USD,1,1
40381,https://jandjgamingfactory.com/products/modern-art-the-card-game?utm_source=boardgamegeek&utm_medium=referral&utm_campaign=buy_a_copy,15.19,USD,1,1
155426,https://jandjgamingfactory.com/products/castles-of-mad-king-ludwig-second-edition?utm_source=boardgamegeek&utm_medium=referral&utm_campaign=buy_a_copy,53.16,USD,1,1
170216,https://jandjgamingfactory.com/products/blood-rage?utm_source=boardgamegeek&utm_medium=referral&utm_campaign=buy_a_copy,68.39,USD,1,1
326358,https://jandjgamingfactory.com/products/cryptid-cafe?utm_source=boardgamegeek&utm_medium=referral&utm_campaign=buy_a_copy,30.39,USD,1,1
308762,https://jandjgamingfactory.com/products/mystic-vale-esssential-edition?utm_source=boardgamegeek&utm_medium=referral&utm_campaign=buy_a_copy,68.39,USD,0,1
322561,https://jandjgamingfactory.com/products/dice-throne-season-one-rerolled-box-1-barbarian-v-moon-elf?utm_source=boardgamegeek&utm_medium=referral&utm_campaign=buy_a_copy,22.79,USD,1,1
244992,https://jandjgamingfactory.com/products/the-mind?utm_source=boardgamegeek&utm_medium=referral&utm_campaign=buy_a_copy,9.84,USD,0,1
367385,https://jandjgamingfactory.com/products/tesseract?utm_source=boardgamegeek&utm_medium=referral&utm_campaign=buy_a_copy,41.79,USD,0,1
351040,https://jandjgamingfactory.com/products/ready-set-bet?utm_source=boardgamegeek&utm_medium=referral&utm_campaign=buy_a_copy,30.39,USD,1,1
270737,https://jandjgamingfactory.com/products/destroy-these-cards?utm_source=boardgamegeek&utm_medium=referral&utm_campaign=buy_a_copy,20.37,USD,1,1
361198,https://jandjgamingfactory.com/products/monster-hunter-world-the-board-game-hunters-arsenal-expansion?utm_source=boardgamegeek&utm_medium=referral&utm_campaign=buy_a_copy,41.79,USD,0,1
361200,https://jandjgamingfactory.com/products/monster-hunter-world-kushala-daora-expansion?utm_source=boardgamegeek&utm_medium=referral&utm_campaign=buy_a_copy,60.79,USD,0,1
367515,https://jandjgamingfactory.com/products/coraquest-keep-on-questing-expansion?utm_source=boardgamegeek&utm_medium=referral&utm_campaign=buy_a_copy,26.6,USD,1,1
280794,https://jandjgamingfactory.com/products/etherfields-core?utm_source=boardgamegeek&utm_medium=referral&utm_campaign=buy_a_copy,105.64,USD,0,1
163412,https://jandjgamingfactory.com/products/patchwork?utm_source=boardgamegeek&utm_medium=referral&utm_campaign=buy_a_copy,26.59,USD,0,1
368966,https://jandjgamingfactory.com/products/ark-nova-marine-worlds-expansion?utm_source=boardgamegeek&utm_medium=referral&utm_campaign=buy_a_copy,22.76,USD,0,1
371942,https://jandjgamingfactory.com/products/the-white-castle?utm_source=boardgamegeek&utm_medium=referral&utm_campaign=buy_a_copy,30.39,USD,0,1
379037,https://jandjgamingfactory.com/products/istanbul-choose-write?utm_source=boardgamegeek&utm_medium=referral&utm_campaign=buy_a_copy,26.59,USD,0,1
28143,https://jandjgamingfactory.com/products/race-for-the-galaxy?utm_source=boardgamegeek&utm_medium=referral&utm_campaign=buy_a_copy,26.56,USD,0,1
224517,https://jandjgamingfactory.com/products/brass-birmingham?utm_source=boardgamegeek&utm_medium=referral&utm_campaign=buy_a_copy,60.79,USD,0,1
306709,https://jandjgamingfactory.com/products/the-night-cage?utm_source=boardgamegeek&utm_medium=referral&utm_campaign=buy_a_copy,34.19,USD,0,1
283766,https://jandjgamingfactory.com/products/sleeping-gods-tides-of-ruin?utm_source=boardgamegeek&utm_medium=referral&utm_campaign=buy_a_copy,34.19,USD,1,1
167791,https://jandjgamingfactory.com/products/terraforming-mars?utm_source=boardgamegeek&utm_medium=referral&utm_campaign=buy_a_copy,52.24,USD,0,1
50,https://jandjgamingfactory.com/products/lost-cities-card-game-with-6th-expedition?utm_source=boardgamegeek&utm_medium=referral&utm_campaign=buy_a_copy,15.16,USD,0,1
399215,https://jandjgamingfactory.com/products/cartographers-map-pack-collection?utm_source=boardgamegeek&utm_medium=referral&utm_campaign=buy_a_copy,18.96,USD,1,1
13,https://jandjgamingfactory.com/products/catan?utm_source=boardgamegeek&utm_medium=referral&utm_campaign=buy_a_copy,41.79,USD,0,1
241386,https://jandjgamingfactory.com/products/root-riverfolk-expansion?utm_source=boardgamegeek&utm_medium=referral&utm_campaign=buy_a_copy,30.4,USD,0,1
272637,https://jandjgamingfactory.com/products/root-the-underworld-expansion?utm_source=boardgamegeek&utm_medium=referral&utm_campaign=buy_a_copy,38,USD,1,1
330149,https://jandjgamingfactory.com/products/root-the-marauder-expansion?utm_source=boardgamegeek&utm_medium=referral&utm_campaign=buy_a_copy,38,USD,0,1
337627,https://jandjgamingfactory.com/products/voidfall?utm_source=boardgamegeek&utm_medium=referral&utm_campaign=buy_a_copy,114,USD,0,1
215311,https://jandjgamingfactory.com/products/wolfgang-kramers-downforce-the-game-of-high-stakes-speed?utm_source=boardgamegeek&utm_medium=referral&utm_campaign=buy_a_copy,30.36,USD,0,1
307561,https://jandjgamingfactory.com/products/steam-up-a-feast-of-dim-sum?utm_source=boardgamegeek&utm_medium=referral&utm_campaign=buy_a_copy,37.99,USD,0,1
274637,https://jandjgamingfactory.com/products/unmatched-battle-of-legends-volume-one?utm_source=boardgamegeek&utm_medium=referral&utm_campaign=buy_a_copy,30.36,USD,1,1
282524,https://jandjgamingfactory.com/products/horrified?utm_source=boardgamegeek&utm_medium=referral&utm_campaign=buy_a_copy,33.24,USD,0,1
343562,https://jandjgamingfactory.com/products/horrified-american-monsters-home-of-the-grave?utm_source=boardgamegeek&utm_medium=referral&utm_campaign=buy_a_copy,33.24,USD,0,1
218603,https://jandjgamingfactory.com/products/photosynthesis?utm_source=boardgamegeek&utm_medium=referral&utm_campaign=buy_a_copy,30.39,USD,1,1
314036,https://jandjgamingfactory.com/products/photosynthesis-under-the-moonlight?utm_source=boardgamegeek&utm_medium=referral&utm_campaign=buy_a_copy,15.19,USD,0,1
386198,https://jandjgamingfactory.com/products/queen-by-midnight?utm_source=boardgamegeek&utm_medium=referral&utm_campaign=buy_a_copy,53.19,USD,1,1
342070,https://jandjgamingfactory.com/products/thunder-road-vendetta?utm_source=boardgamegeek&utm_medium=referral&utm_campaign=buy_a_copy,45.6,USD,0,1
373106,https://jandjgamingfactory.com/products/sky-team?utm_source=boardgamegeek&utm_medium=referral&utm_campaign=buy_a_copy,22.79,USD,0,1
390151,https://jandjgamingfactory.com/products/anarchy-pancakes?utm_source=boardgamegeek&utm_medium=referral&utm_campaign=buy_a_copy,10.63,USD,0,1
124708,https://jandjgamingfactory.com/products/mice-mystics?utm_source=boardgamegeek&utm_medium=referral&utm_campaign=buy_a_copy,60.79,USD,1,1
364073,https://jandjgamingfactory.com/products/splendor-duel?utm_source=boardgamegeek&utm_medium=referral&utm_campaign=buy_a_copy,23.74,USD,0,1
200680,https://jandjgamingfactory.com/products/agricola?utm_source=boardgamegeek&utm_medium=referral&utm_campaign=buy_a_copy,49.39,USD,1,1
256226,https://jandjgamingfactory.com/products/azul-stained-glass?utm_source=boardgamegeek&utm_medium=referral&utm_campaign=buy_a_copy,30.39,USD,1,1
363247,https://jandjgamingfactory.com/products/azul-chocolate?utm_source=boardgamegeek&utm_medium=referral&utm_campaign=buy_a_copy,34.19,USD,1,1
260180,https://jandjgamingfactory.com/products/project-l?utm_source=boardgamegeek&utm_medium=referral&utm_campaign=buy_a_copy,26.59,USD,1,1
287954,https://jandjgamingfactory.com/products/azul-summer-pavilion?utm_source=boardgamegeek&utm_medium=referral&utm_campaign=buy_a_copy,34.19,USD,1,1
244734,https://jandjgamingfactory.com/products/escape-the-dark-castle-cult-of-the-death-knight?utm_source=boardgamegeek&utm_medium=referral&utm_campaign=buy_a_copy,15.19,USD,1,1
148228,https://jandjgamingfactory.com/products/splendor?utm_source=boardgamegeek&utm_medium=referral&utm_campaign=buy_a_copy,30.39,USD,1,1
155821,https://jandjgamingfactory.com/products/christian-martinez-inis-in-the-heart-of-celtic-legends?utm_source=boardgamegeek&utm_medium=referral&utm_campaign=buy_a_copy,53.19,USD,0,1
361457,https://jandjgamingfactory.com/products/stranger-things-attack-of-the-mind-flayer?utm_source=boardgamegeek&utm_medium=referral&utm_campaign=buy_a_copy,17.09,USD,1,1
317457,https://jandjgamingfactory.com/products/dinosaur-world?utm_source=boardgamegeek&utm_medium=referral&utm_campaign=buy_a_copy,45.56,USD,1,1
387201,https://jandjgamingfactory.com/products/emerge?utm_source=boardgamegeek&utm_medium=referral&utm_campaign=buy_a_copy,37.95,USD,1,1
316624,https://jandjgamingfactory.com/products/stationfall?utm_source=boardgamegeek&utm_medium=referral&utm_campaign=buy_a_copy,75.99,USD,1,1
291845,https://jandjgamingfactory.com/products/25c-22000-three-sisters?utm_source=boardgamegeek&utm_medium=referral&utm_campaign=buy_a_copy,22.79,USD,0,1
167355,https://jandjgamingfactory.com/products/nemesis?utm_source=boardgamegeek&utm_medium=referral&utm_campaign=buy_a_copy,113.99,USD,1,1
307772,https://jandjgamingfactory.com/products/sjg-131349-gelatinous?utm_source=boardgamegeek&utm_medium=referral&utm_campaign=buy_a_copy,12.88,USD,0,1
355829,https://jandjgamingfactory.com/products/gir-11000-way-too-many-cats?utm_source=boardgamegeek&utm_medium=referral&utm_campaign=buy_a_copy,30.39,USD,1,1
342031,https://jandjgamingfactory.com/products/dwd-01008-dune-imperium-rise-of-ix-expansion?utm_source=boardgamegeek&utm_medium=referral&utm_campaign=buy_a_copy,30.4,USD,0,1
287670,https://jandjgamingfactory.com/products/rvm-025-sleeping-gods-dungeons-expansion?utm_source=boardgamegeek&utm_medium=referral&utm_campaign=buy_a_copy,11.39,USD,1,1
228504,https://jandjgamingfactory.com/products/aeg-5885-cat-lady?utm_source=boardgamegeek&utm_medium=referral&utm_campaign=buy_a_copy,18.99,USD,1,1
367466,https://jandjgamingfactory.com/products/dwd-01012-dune-imperium-immortality-expansion?utm_source=boardgamegeek&utm_medium=referral&utm_campaign=buy_a_copy,22.8,USD,1,1
298070,https://jandjgamingfactory.com/products/aeg-7078-cat-lady-box-of-treats-expansion?utm_source=boardgamegeek&utm_medium=referral&utm_campaign=buy_a_copy,15.19,USD,1,1
358320,https://jandjgamingfactory.com/products/rvm-030-sleeping-gods-distant-skies-stand-alone-sequel?utm_source=boardgamegeek&utm_medium=referral&utm_campaign=buy_a_copy,75.99,USD,1,1
362205,https://jandjgamingfactory.com/products/rvm-029-sleeping-gods-primeval-peril-stand-alone-campaign?utm_source=boardgamegeek&utm_medium=referral&utm_campaign=buy_a_copy,30.39,USD,1,1
302477,https://jandjgamingfactory.com/products/acg-027-kittin?utm_source=boardgamegeek&utm_medium=referral&utm_campaign=buy_a_copy,11.39,USD,0,1
95103,https://jandjgamingfactory.com/products/ffp-0501-r-fortune-and-glory-the-cliffhanger-game?utm_source=boardgamegeek&utm_medium=referral&utm_campaign=buy_a_copy,69.05,USD,1,1
372831,https://jandjgamingfactory.com/products/potions-of-azerland-preorder?utm_source=boardgamegeek&utm_medium=referral&utm_campaign=buy_a_copy,37.99,USD,0,1
299252,https://jandjgamingfactory.com/products/here-to-slay?utm_source=boardgamegeek&utm_medium=referral&utm_campaign=buy_a_copy,15.2,USD,1,1
315727,https://jandjgamingfactory.com/products/last-light?utm_source=boardgamegeek&utm_medium=referral&utm_campaign=buy_a_copy,60.79,USD,1,1
381132,https://jandjgamingfactory.com/products/last-light-infinity-expansion?utm_source=boardgamegeek&utm_medium=referral&utm_campaign=buy_a_copy,45.59,USD,1,1
232918,https://jandjgamingfactory.com/products/fallout-the-board-game?utm_source=boardgamegeek&utm_medium=referral&utm_campaign=buy_a_copy,53.19,USD,1,1
410201,https://jandjgamingfactory.com/products/wyrmspan?utm_source=boardgamegeek&utm_medium=referral&utm_campaign=buy_a_copy,49.37,USD,0,1
393672,https://jandjgamingfactory.com/products/gloomhaven-buttons-bugs?utm_source=boardgamegeek&utm_medium=referral&utm_campaign=buy_a_copy,16.14,USD,0,1
360366,https://jandjgamingfactory.com/products/tainted-grail-kings-of-ruin-core?utm_source=boardgamegeek&utm_medium=referral&utm_campaign=buy_a_copy,113.99,USD,1,1
410291,https://jandjgamingfactory.com/products/heat-heavy-rain-expansion?utm_source=boardgamegeek&utm_medium=referral&utm_campaign=buy_a_copy,26.59,USD,0,1
341027,https://jandjgamingfactory.com/products/rac-hobbrd-bgre-heroes-of-barcadia-board-game?utm_source=boardgamegeek&utm_medium=referral&utm_campaign=buy_a_copy,45.6,USD,0,1
341030,https://jandjgamingfactory.com/products/rac-hobbrd-ppre-heroes-of-barcadia-party-pack-expansion?utm_source=boardgamegeek&utm_medium=referral&utm_campaign=buy_a_copy,19,USD,0,1
295609,https://jandjgamingfactory.com/products/drp-ftq-box-for-the-queen?utm_source=boardgamegeek&utm_medium=referral&utm_campaign=buy_a_copy,18.99,USD,0,1
387514,https://jandjgamingfactory.com/products/twk-4100-stonespine-architects?utm_source=boardgamegeek&utm_medium=referral&utm_campaign=buy_a_copy,34.16,USD,1,1
407063,https://jandjgamingfactory.com/products/csg-jf201-juicy-fruits-mystic-island-expansion?utm_source=boardgamegeek&utm_medium=referral&utm_campaign=buy_a_copy,15.16,USD,1,1
392023,https://jandjgamingfactory.com/products/rvn-27538-mycelia?utm_source=boardgamegeek&utm_medium=referral&utm_campaign=buy_a_copy,30.39,USD,1,1
391497,https://jandjgamingfactory.com/products/csg-tc01-tangram-city?utm_source=boardgamegeek&utm_medium=referral&utm_campaign=buy_a_copy,22.76,USD,1,1
350637,https://jandjgamingfactory.com/products/dao-44100-regroup-chicken-army?utm_source=boardgamegeek&utm_medium=referral&utm_campaign=buy_a_copy,9.12,USD,0,1
302643,https://jandjgamingfactory.com/products/fallout-atomic-bonds-cooperative-upgrade-pack?utm_source=boardgamegeek&utm_medium=referral&utm_campaign=buy_a_copy,12.91,USD,1,1
190915,https://jandjgamingfactory.com/products/betabotz?utm_source=boardgamegeek&utm_medium=referral&utm_campaign=buy_a_copy,14.44,USD,1,1
379078,https://jandjgamingfactory.com/products/expeditions?utm_source=boardgamegeek&utm_medium=referral&utm_campaign=buy_a_copy,52.44,USD,1,1
421689,https://jandjgamingfactory.com/products/expeditions-gears-of-corruption?utm_source=boardgamegeek&utm_medium=referral&utm_campaign=buy_a_copy,22.8,USD,1,1
279537,https://jandjgamingfactory.com/products/the-search-for-planet-x?utm_source=boardgamegeek&utm_medium=referral&utm_campaign=buy_a_copy,34.2,USD,0,1
223740,https://jandjgamingfactory.com/products/bargain-quest?utm_source=boardgamegeek&utm_medium=referral&utm_campaign=buy_a_copy,34.2,USD,1,1
